timestamp,photon_count,condition
0.000,5,meditation
0.100,3,meditation
0.200,4,meditation
0.300,1,meditation
0.400,4,meditation
0.500,3,meditation
0.600,0,meditation
0.700,3,meditation
0.800,2,meditation
0.900,4,meditation
1.000,5,meditation
1.100,1,meditation
1.200,3,meditation
1.300,3,meditation
1.400,4,meditation
1.501,5,meditation
1.601,6,meditation
1.701,6,meditation
1.801,6,meditation
1.901,4,meditation
2.001,2,meditation
2.101,4,meditation
2.201,6,meditation
2.301,7,meditation
2.401,1,meditation
2.501,7,meditation
2.601,2,meditation
2.701,3,meditation
2.801,3,meditation
2.901,2,meditation
3.001,4,meditation
3.101,2,meditation
3.201,4,meditation
3.301,3,meditation
3.401,4,meditation
3.501,2,meditation
3.601,5,meditation
3.701,2,meditation
3.801,4,meditation
3.901,2,meditation
4.001,4,meditation
4.101,4,meditation
4.201,5,meditation
4.301,5,meditation
4.401,3,meditation
4.502,6,meditation
4.602,2,meditation
4.702,3,meditation
4.802,2,meditation
4.902,9,meditation
5.002,7,meditation
5.102,3,meditation
5.202,8,meditation
5.302,4,meditation
5.402,4,meditation
5.502,2,meditation
5.602,1,meditation
5.702,3,meditation
5.802,2,meditation
5.902,3,meditation
6.002,5,meditation
6.102,4,meditation
6.202,6,meditation
6.302,5,meditation
6.402,3,meditation
6.502,6,meditation
6.602,3,meditation
6.702,3,meditation
6.802,5,meditation
6.902,8,meditation
7.002,4,meditation
7.102,3,meditation
7.202,3,meditation
7.302,3,meditation
7.402,2,meditation
7.503,2,meditation
7.603,3,meditation
7.703,5,meditation
7.803,3,meditation
7.903,3,meditation
8.003,6,meditation
8.103,4,meditation
8.203,4,meditation
8.303,0,meditation
8.403,5,meditation
8.503,6,meditation
8.603,7,meditation
8.703,5,meditation
8.803,3,meditation
8.903,7,meditation
9.003,7,meditation
9.103,5,meditation
9.203,5,meditation
9.303,2,meditation
9.403,6,meditation
9.503,2,meditation
9.603,2,meditation
9.703,4,meditation
9.803,4,meditation
9.903,3,meditation
10.003,0,meditation
10.103,2,meditation
10.203,3,meditation
10.303,5,meditation
10.403,4,meditation
10.504,7,meditation
10.604,3,meditation
10.704,7,meditation
10.804,6,meditation
10.904,8,meditation
11.004,5,meditation
11.104,2,meditation
11.204,2,meditation
11.304,4,meditation
11.404,6,meditation
11.504,5,meditation
11.604,5,meditation
11.704,3,meditation
11.804,3,meditation
11.904,6,meditation
12.004,6,meditation
12.104,4,meditation
12.204,4,meditation
12.304,5,meditation
12.404,4,meditation
12.504,5,meditation
12.604,7,meditation
12.704,4,meditation
12.804,7,meditation
12.904,2,meditation
13.004,5,meditation
13.104,5,meditation
13.204,5,meditation
13.304,5,meditation
13.404,6,meditation
13.505,3,meditation
13.605,2,meditation
13.705,4,meditation
13.805,7,meditation
13.905,2,meditation
14.005,6,meditation
14.105,7,meditation
14.205,1,meditation
14.305,2,meditation
14.405,7,meditation
14.505,8,meditation
14.605,2,meditation
14.705,3,meditation
14.805,4,meditation
14.905,4,meditation
15.005,7,meditation
15.105,4,meditation
15.205,5,meditation
15.305,3,meditation
15.405,2,meditation
15.505,5,meditation
15.605,4,meditation
15.705,4,meditation
15.805,2,meditation
15.905,1,meditation
16.005,4,meditation
16.105,2,meditation
16.205,4,meditation
16.305,2,meditation
16.405,2,meditation
16.506,6,meditation
16.606,2,meditation
16.706,6,meditation
16.806,2,meditation
16.906,5,meditation
17.006,5,meditation
17.106,6,meditation
17.206,4,meditation
17.306,4,meditation
17.406,4,meditation
17.506,6,meditation
17.606,1,meditation
17.706,4,meditation
17.806,3,meditation
17.906,5,meditation
18.006,3,meditation
18.106,7,meditation
18.206,3,meditation
18.306,2,meditation
18.406,6,meditation
18.506,4,meditation
18.606,5,meditation
18.706,5,meditation
18.806,2,meditation
18.906,5,meditation
19.006,9,meditation
19.106,6,meditation
19.206,5,meditation
19.306,5,meditation
19.406,6,meditation
19.507,6,meditation
19.607,2,meditation
19.707,4,meditation
19.807,6,meditation
19.907,6,meditation
20.007,4,meditation
20.107,1,meditation
20.207,5,meditation
20.307,4,meditation
20.407,5,meditation
20.507,2,meditation
20.607,5,meditation
20.707,4,meditation
20.807,8,meditation
20.907,3,meditation
21.007,5,meditation
21.107,3,meditation
21.207,3,meditation
21.307,5,meditation
21.407,6,meditation
21.507,4,meditation
21.607,11,meditation
21.707,6,meditation
21.807,0,meditation
21.907,5,meditation
22.007,2,meditation
22.107,5,meditation
22.207,2,meditation
22.307,5,meditation
22.407,5,meditation
22.508,2,meditation
22.608,11,meditation
22.708,3,meditation
22.808,5,meditation
22.908,1,meditation
23.008,2,meditation
23.108,3,meditation
23.208,5,meditation
23.308,4,meditation
23.408,6,meditation
23.508,3,meditation
23.608,2,meditation
23.708,3,meditation
23.808,4,meditation
23.908,2,meditation
24.008,3,meditation
24.108,8,meditation
24.208,2,meditation
24.308,2,meditation
24.408,2,meditation
24.508,6,meditation
24.608,4,meditation
24.708,1,meditation
24.808,1,meditation
24.908,5,meditation
25.008,7,meditation
25.108,7,meditation
25.208,1,meditation
25.308,2,meditation
25.408,3,meditation
25.509,4,meditation
25.609,1,meditation
25.709,2,meditation
25.809,6,meditation
25.909,5,meditation
26.009,6,meditation
26.109,5,meditation
26.209,5,meditation
26.309,4,meditation
26.409,3,meditation
26.509,4,meditation
26.609,3,meditation
26.709,6,meditation
26.809,1,meditation
26.909,6,meditation
27.009,3,meditation
27.109,3,meditation
27.209,8,meditation
27.309,2,meditation
27.409,5,meditation
27.509,3,meditation
27.609,2,meditation
27.709,8,meditation
27.809,9,meditation
27.909,8,meditation
28.009,2,meditation
28.109,5,meditation
28.209,3,meditation
28.309,5,meditation
28.409,1,meditation
28.510,2,meditation
28.610,7,meditation
28.710,3,meditation
28.810,2,meditation
28.910,4,meditation
29.010,7,meditation
29.110,0,meditation
29.210,2,meditation
29.310,4,meditation
29.410,3,meditation
29.510,2,meditation
29.610,2,meditation
29.710,3,meditation
29.810,2,meditation
29.910,3,meditation
30.010,7,meditation
30.110,2,meditation
30.210,4,meditation
30.310,6,meditation
30.410,2,meditation
30.510,2,meditation
30.610,4,meditation
30.710,4,meditation
30.810,9,meditation
30.910,4,meditation
31.010,2,meditation
31.110,2,meditation
31.210,5,meditation
31.310,3,meditation
31.410,7,meditation
31.511,4,meditation
31.611,5,meditation
31.711,8,meditation
31.811,4,meditation
31.911,4,meditation
32.011,5,meditation
32.111,4,meditation
32.211,5,meditation
32.311,3,meditation
32.411,5,meditation
32.511,7,meditation
32.611,3,meditation
32.711,5,meditation
32.811,2,meditation
32.911,5,meditation
33.011,7,meditation
33.111,3,meditation
33.211,4,meditation
33.311,10,meditation
33.411,7,meditation
33.511,3,meditation
33.611,7,meditation
33.711,6,meditation
33.811,2,meditation
33.911,3,meditation
34.011,7,meditation
34.111,3,meditation
34.211,4,meditation
34.311,3,meditation
34.411,5,meditation
34.512,6,meditation
34.612,2,meditation
34.712,4,meditation
34.812,5,meditation
34.912,5,meditation
35.012,8,meditation
35.112,6,meditation
35.212,8,meditation
35.312,3,meditation
35.412,4,meditation
35.512,5,meditation
35.612,1,meditation
35.712,4,meditation
35.812,6,meditation
35.912,4,meditation
36.012,6,meditation
36.112,2,meditation
36.212,7,meditation
36.312,4,meditation
36.412,4,meditation
36.512,7,meditation
36.612,4,meditation
36.712,6,meditation
36.812,1,meditation
36.912,4,meditation
37.012,8,meditation
37.112,4,meditation
37.212,3,meditation
37.312,2,meditation
37.412,7,meditation
37.513,2,meditation
37.613,3,meditation
37.713,2,meditation
37.813,5,meditation
37.913,3,meditation
38.013,3,meditation
38.113,2,meditation
38.213,1,meditation
38.313,2,meditation
38.413,6,meditation
38.513,3,meditation
38.613,3,meditation
38.713,4,meditation
38.813,7,meditation
38.913,3,meditation
39.013,8,meditation
39.113,5,meditation
39.213,0,meditation
39.313,3,meditation
39.413,8,meditation
39.513,4,meditation
39.613,4,meditation
39.713,7,meditation
39.813,4,meditation
39.913,4,meditation
40.013,6,meditation
40.113,4,meditation
40.213,8,meditation
40.313,7,meditation
40.413,3,meditation
40.514,6,meditation
40.614,4,meditation
40.714,4,meditation
40.814,3,meditation
40.914,6,meditation
41.014,7,meditation
41.114,4,meditation
41.214,3,meditation
41.314,2,meditation
41.414,5,meditation
41.514,6,meditation
41.614,2,meditation
41.714,3,meditation
41.814,5,meditation
41.914,5,meditation
42.014,2,meditation
42.114,6,meditation
42.214,1,meditation
42.314,5,meditation
42.414,3,meditation
42.514,1,meditation
42.614,3,meditation
42.714,2,meditation
42.814,3,meditation
42.914,6,meditation
43.014,1,meditation
43.114,3,meditation
43.214,1,meditation
43.314,4,meditation
43.414,5,meditation
43.515,2,meditation
43.615,2,meditation
43.715,3,meditation
43.815,0,meditation
43.915,5,meditation
44.015,2,meditation
44.115,7,meditation
44.215,3,meditation
44.315,4,meditation
44.415,1,meditation
44.515,2,meditation
44.615,6,meditation
44.715,5,meditation
44.815,5,meditation
44.915,3,meditation
45.015,4,meditation
45.115,6,meditation
45.215,3,meditation
45.315,3,meditation
45.415,4,meditation
45.515,8,meditation
45.615,3,meditation
45.715,4,meditation
45.815,3,meditation
45.915,5,meditation
46.015,5,meditation
46.115,6,meditation
46.215,5,meditation
46.315,5,meditation
46.415,3,meditation
46.516,7,meditation
46.616,7,meditation
46.716,3,meditation
46.816,4,meditation
46.916,2,meditation
47.016,4,meditation
47.116,3,meditation
47.216,6,meditation
47.316,8,meditation
47.416,5,meditation
47.516,0,meditation
47.616,5,meditation
47.716,10,meditation
47.816,3,meditation
47.916,5,meditation
48.016,1,meditation
48.116,4,meditation
48.216,10,meditation
48.316,4,meditation
48.416,5,meditation
48.516,3,meditation
48.616,6,meditation
48.716,5,meditation
48.816,4,meditation
48.916,8,meditation
49.016,1,meditation
49.116,3,meditation
49.216,3,meditation
49.316,4,meditation
49.416,4,meditation
49.517,4,meditation
49.617,4,meditation
49.717,1,meditation
49.817,2,meditation
49.917,6,meditation
50.017,3,meditation
50.117,7,meditation
50.217,7,meditation
50.317,3,meditation
50.417,7,meditation
50.517,4,meditation
50.617,2,meditation
50.717,0,meditation
50.817,6,meditation
50.917,3,meditation
51.017,5,meditation
51.117,7,meditation
51.217,7,meditation
51.317,4,meditation
51.417,5,meditation
51.517,2,meditation
51.617,2,meditation
51.717,3,meditation
51.817,5,meditation
51.917,5,meditation
52.017,4,meditation
52.117,4,meditation
52.217,4,meditation
52.317,3,meditation
52.417,4,meditation
52.518,2,meditation
52.618,4,meditation
52.718,1,meditation
52.818,4,meditation
52.918,4,meditation
53.018,6,meditation
53.118,1,meditation
53.218,5,meditation
53.318,3,meditation
53.418,1,meditation
53.518,4,meditation
53.618,7,meditation
53.718,2,meditation
53.818,2,meditation
53.918,7,meditation
54.018,4,meditation
54.118,7,meditation
54.218,4,meditation
54.318,5,meditation
54.418,5,meditation
54.518,4,meditation
54.618,4,meditation
54.718,4,meditation
54.818,10,meditation
54.918,9,meditation
55.018,4,meditation
55.118,5,meditation
55.218,4,meditation
55.318,3,meditation
55.418,1,meditation
55.519,8,meditation
55.619,2,meditation
55.719,6,meditation
55.819,3,meditation
55.919,7,meditation
56.019,2,meditation
56.119,3,meditation
56.219,3,meditation
56.319,7,meditation
56.419,5,meditation
56.519,3,meditation
56.619,5,meditation
56.719,3,meditation
56.819,6,meditation
56.919,1,meditation
57.019,5,meditation
57.119,4,meditation
57.219,7,meditation
57.319,5,meditation
57.419,4,meditation
57.519,4,meditation
57.619,4,meditation
57.719,3,meditation
57.819,7,meditation
57.919,0,meditation
58.019,6,meditation
58.119,3,meditation
58.219,8,meditation
58.319,5,meditation
58.419,0,meditation
58.520,6,meditation
58.620,3,meditation
58.720,5,meditation
58.820,7,meditation
58.920,4,meditation
59.020,8,meditation
59.120,2,meditation
59.220,5,meditation
59.320,3,meditation
59.420,6,meditation
59.520,1,meditation
59.620,3,meditation
59.720,7,meditation
59.820,4,meditation
59.920,7,meditation
60.020,5,meditation
60.120,6,meditation
60.220,3,meditation
60.320,6,meditation
60.420,3,meditation
60.520,3,meditation
60.620,0,meditation
60.720,2,meditation
60.820,5,meditation
60.920,5,meditation
61.020,2,meditation
61.120,4,meditation
61.220,2,meditation
61.320,6,meditation
61.420,4,meditation
61.521,4,meditation
61.621,5,meditation
61.721,3,meditation
61.821,5,meditation
61.921,5,meditation
62.021,4,meditation
62.121,5,meditation
62.221,3,meditation
62.321,6,meditation
62.421,3,meditation
62.521,5,meditation
62.621,7,meditation
62.721,3,meditation
62.821,8,meditation
62.921,2,meditation
63.021,4,meditation
63.121,5,meditation
63.221,6,meditation
63.321,3,meditation
63.421,5,meditation
63.521,2,meditation
63.621,2,meditation
63.721,6,meditation
63.821,6,meditation
63.921,3,meditation
64.021,3,meditation
64.121,6,meditation
64.221,2,meditation
64.321,8,meditation
64.421,2,meditation
64.522,4,meditation
64.622,7,meditation
64.722,7,meditation
64.822,2,meditation
64.922,3,meditation
65.022,5,meditation
65.122,5,meditation
65.222,5,meditation
65.322,11,meditation
65.422,3,meditation
65.522,2,meditation
65.622,4,meditation
65.722,6,meditation
65.822,3,meditation
65.922,2,meditation
66.022,4,meditation
66.122,7,meditation
66.222,4,meditation
66.322,6,meditation
66.422,2,meditation
66.522,7,meditation
66.622,3,meditation
66.722,6,meditation
66.822,4,meditation
66.922,2,meditation
67.022,2,meditation
67.122,6,meditation
67.222,11,meditation
67.322,6,meditation
67.422,3,meditation
67.523,2,meditation
67.623,4,meditation
67.723,4,meditation
67.823,4,meditation
67.923,2,meditation
68.023,3,meditation
68.123,4,meditation
68.223,2,meditation
68.323,5,meditation
68.423,7,meditation
68.523,5,meditation
68.623,7,meditation
68.723,2,meditation
68.823,8,meditation
68.923,5,meditation
69.023,3,meditation
69.123,4,meditation
69.223,3,meditation
69.323,3,meditation
69.423,4,meditation
69.523,3,meditation
69.623,2,meditation
69.723,4,meditation
69.823,5,meditation
69.923,6,meditation
70.023,3,meditation
70.123,6,meditation
70.223,7,meditation
70.323,6,meditation
70.423,10,meditation
70.524,4,meditation
70.624,8,meditation
70.724,7,meditation
70.824,3,meditation
70.924,2,meditation
71.024,5,meditation
71.124,4,meditation
71.224,5,meditation
71.324,1,meditation
71.424,5,meditation
71.524,10,meditation
71.624,3,meditation
71.724,2,meditation
71.824,8,meditation
71.924,2,meditation
72.024,3,meditation
72.124,7,meditation
72.224,4,meditation
72.324,2,meditation
72.424,1,meditation
72.524,2,meditation
72.624,5,meditation
72.724,8,meditation
72.824,2,meditation
72.924,5,meditation
73.024,3,meditation
73.124,5,meditation
73.224,6,meditation
73.324,1,meditation
73.424,3,meditation
73.525,4,meditation
73.625,5,meditation
73.725,4,meditation
73.825,5,meditation
73.925,2,meditation
74.025,4,meditation
74.125,4,meditation
74.225,5,meditation
74.325,3,meditation
74.425,3,meditation
74.525,2,meditation
74.625,3,meditation
74.725,4,meditation
74.825,2,meditation
74.925,7,meditation
75.025,2,meditation
75.125,3,meditation
75.225,5,meditation
75.325,3,meditation
75.425,8,meditation
75.525,2,meditation
75.625,7,meditation
75.725,3,meditation
75.825,8,meditation
75.925,1,meditation
76.025,6,meditation
76.125,6,meditation
76.225,1,meditation
76.325,2,meditation
76.425,5,meditation
76.526,8,meditation
76.626,5,meditation
76.726,1,meditation
76.826,5,meditation
76.926,6,meditation
77.026,3,meditation
77.126,5,meditation
77.226,6,meditation
77.326,8,meditation
77.426,4,meditation
77.526,5,meditation
77.626,3,meditation
77.726,3,meditation
77.826,4,meditation
77.926,4,meditation
78.026,1,meditation
78.126,2,meditation
78.226,4,meditation
78.326,7,meditation
78.426,3,meditation
78.526,7,meditation
78.626,3,meditation
78.726,3,meditation
78.826,4,meditation
78.926,5,meditation
79.026,9,meditation
79.126,5,meditation
79.226,5,meditation
79.326,4,meditation
79.426,5,meditation
79.527,4,meditation
79.627,1,meditation
79.727,12,meditation
79.827,4,meditation
79.927,6,meditation
80.027,4,meditation
80.127,2,meditation
80.227,8,meditation
80.327,5,meditation
80.427,2,meditation
80.527,5,meditation
80.627,3,meditation
80.727,5,meditation
80.827,1,meditation
80.927,3,meditation
81.027,3,meditation
81.127,3,meditation
81.227,7,meditation
81.327,3,meditation
81.427,2,meditation
81.527,3,meditation
81.627,4,meditation
81.727,6,meditation
81.827,2,meditation
81.927,1,meditation
82.027,3,meditation
82.127,4,meditation
82.227,5,meditation
82.327,9,meditation
82.427,5,meditation
82.528,4,meditation
82.628,3,meditation
82.728,4,meditation
82.828,2,meditation
82.928,7,meditation
83.028,8,meditation
83.128,6,meditation
83.228,6,meditation
83.328,6,meditation
83.428,5,meditation
83.528,1,meditation
83.628,5,meditation
83.728,5,meditation
83.828,4,meditation
83.928,6,meditation
84.028,4,meditation
84.128,4,meditation
84.228,3,meditation
84.328,7,meditation
84.428,4,meditation
84.528,7,meditation
84.628,3,meditation
84.728,2,meditation
84.828,6,meditation
84.928,8,meditation
85.028,4,meditation
85.128,4,meditation
85.228,3,meditation
85.328,7,meditation
85.428,4,meditation
85.529,3,meditation
85.629,5,meditation
85.729,3,meditation
85.829,7,meditation
85.929,4,meditation
86.029,6,meditation
86.129,1,meditation
86.229,9,meditation
86.329,1,meditation
86.429,3,meditation
86.529,9,meditation
86.629,4,meditation
86.729,9,meditation
86.829,6,meditation
86.929,5,meditation
87.029,2,meditation
87.129,3,meditation
87.229,6,meditation
87.329,5,meditation
87.429,3,meditation
87.529,6,meditation
87.629,2,meditation
87.729,7,meditation
87.829,6,meditation
87.929,6,meditation
88.029,2,meditation
88.129,3,meditation
88.229,4,meditation
88.329,6,meditation
88.429,7,meditation
88.530,6,meditation
88.630,6,meditation
88.730,5,meditation
88.830,6,meditation
88.930,7,meditation
89.030,2,meditation
89.130,0,meditation
89.230,5,meditation
89.330,3,meditation
89.430,4,meditation
89.530,5,meditation
89.630,5,meditation
89.730,9,meditation
89.830,3,meditation
89.930,2,meditation
90.030,6,meditation
90.130,2,meditation
90.230,2,meditation
90.330,2,meditation
90.430,5,meditation
90.530,1,meditation
90.630,2,meditation
90.730,3,meditation
90.830,3,meditation
90.930,4,meditation
91.030,6,meditation
91.130,4,meditation
91.230,3,meditation
91.330,3,meditation
91.430,2,meditation
91.531,7,meditation
91.631,2,meditation
91.731,4,meditation
91.831,0,meditation
91.931,7,meditation
92.031,1,meditation
92.131,3,meditation
92.231,5,meditation
92.331,0,meditation
92.431,6,meditation
92.531,3,meditation
92.631,6,meditation
92.731,5,meditation
92.831,7,meditation
92.931,7,meditation
93.031,9,meditation
93.131,6,meditation
93.231,3,meditation
93.331,5,meditation
93.431,6,meditation
93.531,3,meditation
93.631,1,meditation
93.731,2,meditation
93.831,10,meditation
93.931,4,meditation
94.031,8,meditation
94.131,6,meditation
94.231,5,meditation
94.331,5,meditation
94.431,4,meditation
94.532,9,meditation
94.632,7,meditation
94.732,8,meditation
94.832,0,meditation
94.932,6,meditation
95.032,6,meditation
95.132,1,meditation
95.232,3,meditation
95.332,3,meditation
95.432,3,meditation
95.532,4,meditation
95.632,4,meditation
95.732,8,meditation
95.832,5,meditation
95.932,5,meditation
96.032,4,meditation
96.132,3,meditation
96.232,5,meditation
96.332,6,meditation
96.432,6,meditation
96.532,3,meditation
96.632,5,meditation
96.732,5,meditation
96.832,4,meditation
96.932,6,meditation
97.032,3,meditation
97.132,3,meditation
97.232,5,meditation
97.332,3,meditation
97.432,5,meditation
97.533,3,meditation
97.633,3,meditation
97.733,3,meditation
97.833,2,meditation
97.933,2,meditation
98.033,6,meditation
98.133,3,meditation
98.233,4,meditation
98.333,5,meditation
98.433,4,meditation
98.533,6,meditation
98.633,3,meditation
98.733,5,meditation
98.833,5,meditation
98.933,4,meditation
99.033,5,meditation
99.133,3,meditation
99.233,4,meditation
99.333,5,meditation
99.433,3,meditation
99.533,3,meditation
99.633,9,meditation
99.733,5,meditation
99.833,3,meditation
99.933,4,meditation
100.033,6,meditation
100.133,2,meditation
100.233,5,meditation
100.333,3,meditation
100.433,5,meditation
100.534,4,meditation
100.634,2,meditation
100.734,3,meditation
100.834,6,meditation
100.934,4,meditation
101.034,3,meditation
101.134,6,meditation
101.234,4,meditation
101.334,2,meditation
101.434,6,meditation
101.534,2,meditation
101.634,6,meditation
101.734,4,meditation
101.834,4,meditation
101.934,10,meditation
102.034,1,meditation
102.134,4,meditation
102.234,9,meditation
102.334,2,meditation
102.434,4,meditation
102.534,3,meditation
102.634,4,meditation
102.734,7,meditation
102.834,3,meditation
102.934,1,meditation
103.034,8,meditation
103.134,4,meditation
103.234,4,meditation
103.334,6,meditation
103.434,6,meditation
103.535,8,meditation
103.635,7,meditation
103.735,5,meditation
103.835,4,meditation
103.935,5,meditation
104.035,5,meditation
104.135,3,meditation
104.235,2,meditation
104.335,6,meditation
104.435,7,meditation
104.535,7,meditation
104.635,6,meditation
104.735,4,meditation
104.835,4,meditation
104.935,2,meditation
105.035,3,meditation
105.135,8,meditation
105.235,4,meditation
105.335,0,meditation
105.435,4,meditation
105.535,7,meditation
105.635,8,meditation
105.735,4,meditation
105.835,2,meditation
105.935,2,meditation
106.035,5,meditation
106.135,5,meditation
106.235,4,meditation
106.335,5,meditation
106.435,8,meditation
106.536,2,meditation
106.636,2,meditation
106.736,5,meditation
106.836,9,meditation
106.936,4,meditation
107.036,5,meditation
107.136,2,meditation
107.236,5,meditation
107.336,2,meditation
107.436,6,meditation
107.536,5,meditation
107.636,7,meditation
107.736,5,meditation
107.836,5,meditation
107.936,6,meditation
108.036,2,meditation
108.136,2,meditation
108.236,7,meditation
108.336,3,meditation
108.436,1,meditation
108.536,4,meditation
108.636,2,meditation
108.736,6,meditation
108.836,3,meditation
108.936,3,meditation
109.036,6,meditation
109.136,4,meditation
109.236,5,meditation
109.336,3,meditation
109.436,3,meditation
109.537,5,meditation
109.637,8,meditation
109.737,2,meditation
109.837,2,meditation
109.937,2,meditation
110.037,4,meditation
110.137,4,meditation
110.237,3,meditation
110.337,4,meditation
110.437,2,meditation
110.537,6,meditation
110.637,4,meditation
110.737,5,meditation
110.837,2,meditation
110.937,7,meditation
111.037,5,meditation
111.137,4,meditation
111.237,5,meditation
111.337,3,meditation
111.437,5,meditation
111.537,3,meditation
111.637,4,meditation
111.737,9,meditation
111.837,5,meditation
111.937,2,meditation
112.037,7,meditation
112.137,2,meditation
112.237,6,meditation
112.337,3,meditation
112.437,6,meditation
112.538,3,meditation
112.638,4,meditation
112.738,4,meditation
112.838,1,meditation
112.938,2,meditation
113.038,3,meditation
113.138,10,meditation
113.238,3,meditation
113.338,2,meditation
113.438,3,meditation
113.538,6,meditation
113.638,5,meditation
113.738,3,meditation
113.838,5,meditation
113.938,2,meditation
114.038,4,meditation
114.138,7,meditation
114.238,5,meditation
114.338,2,meditation
114.438,3,meditation
114.538,6,meditation
114.638,6,meditation
114.738,3,meditation
114.838,4,meditation
114.938,3,meditation
115.038,6,meditation
115.138,5,meditation
115.238,4,meditation
115.338,1,meditation
115.438,4,meditation
115.539,2,meditation
115.639,3,meditation
115.739,2,meditation
115.839,3,meditation
115.939,3,meditation
116.039,6,meditation
116.139,3,meditation
116.239,3,meditation
116.339,4,meditation
116.439,5,meditation
116.539,2,meditation
116.639,6,meditation
116.739,5,meditation
116.839,4,meditation
116.939,4,meditation
117.039,3,meditation
117.139,5,meditation
117.239,6,meditation
117.339,6,meditation
117.439,3,meditation
117.539,4,meditation
117.639,4,meditation
117.739,1,meditation
117.839,9,meditation
117.939,4,meditation
118.039,6,meditation
118.139,8,meditation
118.239,6,meditation
118.339,2,meditation
118.439,5,meditation
118.540,3,meditation
118.640,2,meditation
118.740,2,meditation
118.840,7,meditation
118.940,3,meditation
119.040,8,meditation
119.140,9,meditation
119.240,4,meditation
119.340,4,meditation
119.440,5,meditation
119.540,2,meditation
119.640,1,meditation
119.740,3,meditation
119.840,3,meditation
119.940,3,meditation
120.040,1,meditation
120.140,2,meditation
120.240,4,meditation
120.340,5,meditation
120.440,6,meditation
120.540,4,meditation
120.640,4,meditation
120.740,3,meditation
120.840,7,meditation
120.940,4,meditation
121.040,5,meditation
121.140,4,meditation
121.240,5,meditation
121.340,8,meditation
121.440,5,meditation
121.541,9,meditation
121.641,5,meditation
121.741,3,meditation
121.841,9,meditation
121.941,4,meditation
122.041,3,meditation
122.141,4,meditation
122.241,6,meditation
122.341,2,meditation
122.441,5,meditation
122.541,8,meditation
122.641,3,meditation
122.741,1,meditation
122.841,4,meditation
122.941,5,meditation
123.041,7,meditation
123.141,3,meditation
123.241,5,meditation
123.341,3,meditation
123.441,5,meditation
123.541,4,meditation
123.641,7,meditation
123.741,8,meditation
123.841,4,meditation
123.941,4,meditation
124.041,0,meditation
124.141,3,meditation
124.241,4,meditation
124.341,7,meditation
124.441,1,meditation
124.542,5,meditation
124.642,4,meditation
124.742,4,meditation
124.842,6,meditation
124.942,7,meditation
125.042,3,meditation
125.142,3,meditation
125.242,5,meditation
125.342,5,meditation
125.442,3,meditation
125.542,4,meditation
125.642,3,meditation
125.742,5,meditation
125.842,3,meditation
125.942,4,meditation
126.042,2,meditation
126.142,8,meditation
126.242,8,meditation
126.342,7,meditation
126.442,5,meditation
126.542,6,meditation
126.642,7,meditation
126.742,3,meditation
126.842,1,meditation
126.942,5,meditation
127.042,3,meditation
127.142,0,meditation
127.242,2,meditation
127.342,7,meditation
127.442,5,meditation
127.543,3,meditation
127.643,5,meditation
127.743,9,meditation
127.843,4,meditation
127.943,4,meditation
128.043,5,meditation
128.143,3,meditation
128.243,4,meditation
128.343,3,meditation
128.443,2,meditation
128.543,7,meditation
128.643,8,meditation
128.743,2,meditation
128.843,4,meditation
128.943,5,meditation
129.043,2,meditation
129.143,9,meditation
129.243,4,meditation
129.343,4,meditation
129.443,2,meditation
129.543,4,meditation
129.643,8,meditation
129.743,5,meditation
129.843,4,meditation
129.943,5,meditation
130.043,4,meditation
130.143,3,meditation
130.243,5,meditation
130.343,5,meditation
130.443,4,meditation
130.544,3,meditation
130.644,5,meditation
130.744,6,meditation
130.844,3,meditation
130.944,5,meditation
131.044,3,meditation
131.144,2,meditation
131.244,5,meditation
131.344,3,meditation
131.444,3,meditation
131.544,3,meditation
131.644,4,meditation
131.744,2,meditation
131.844,2,meditation
131.944,3,meditation
132.044,7,meditation
132.144,5,meditation
132.244,6,meditation
132.344,7,meditation
132.444,2,meditation
132.544,9,meditation
132.644,3,meditation
132.744,3,meditation
132.844,3,meditation
132.944,3,meditation
133.044,3,meditation
133.144,2,meditation
133.244,3,meditation
133.344,4,meditation
133.444,8,meditation
133.545,9,meditation
133.645,1,meditation
133.745,5,meditation
133.845,4,meditation
133.945,1,meditation
134.045,7,meditation
134.145,2,meditation
134.245,9,meditation
134.345,3,meditation
134.445,0,meditation
134.545,4,meditation
134.645,8,meditation
134.745,4,meditation
134.845,4,meditation
134.945,6,meditation
135.045,7,meditation
135.145,6,meditation
135.245,3,meditation
135.345,6,meditation
135.445,4,meditation
135.545,6,meditation
135.645,5,meditation
135.745,5,meditation
135.845,5,meditation
135.945,3,meditation
136.045,4,meditation
136.145,3,meditation
136.245,6,meditation
136.345,6,meditation
136.445,4,meditation
136.546,6,meditation
136.646,6,meditation
136.746,7,meditation
136.846,4,meditation
136.946,6,meditation
137.046,2,meditation
137.146,7,meditation
137.246,5,meditation
137.346,3,meditation
137.446,8,meditation
137.546,2,meditation
137.646,4,meditation
137.746,2,meditation
137.846,6,meditation
137.946,3,meditation
138.046,4,meditation
138.146,5,meditation
138.246,6,meditation
138.346,2,meditation
138.446,4,meditation
138.546,8,meditation
138.646,2,meditation
138.746,7,meditation
138.846,4,meditation
138.946,2,meditation
139.046,5,meditation
139.146,6,meditation
139.246,5,meditation
139.346,5,meditation
139.446,3,meditation
139.547,6,meditation
139.647,3,meditation
139.747,4,meditation
139.847,4,meditation
139.947,2,meditation
140.047,1,meditation
140.147,9,meditation
140.247,4,meditation
140.347,7,meditation
140.447,7,meditation
140.547,5,meditation
140.647,4,meditation
140.747,1,meditation
140.847,4,meditation
140.947,7,meditation
141.047,2,meditation
141.147,7,meditation
141.247,5,meditation
141.347,3,meditation
141.447,3,meditation
141.547,5,meditation
141.647,4,meditation
141.747,6,meditation
141.847,2,meditation
141.947,6,meditation
142.047,4,meditation
142.147,7,meditation
142.247,5,meditation
142.347,2,meditation
142.447,3,meditation
142.548,4,meditation
142.648,7,meditation
142.748,10,meditation
142.848,4,meditation
142.948,5,meditation
143.048,9,meditation
143.148,5,meditation
143.248,4,meditation
143.348,3,meditation
143.448,4,meditation
143.548,5,meditation
143.648,3,meditation
143.748,3,meditation
143.848,9,meditation
143.948,10,meditation
144.048,1,meditation
144.148,9,meditation
144.248,4,meditation
144.348,4,meditation
144.448,1,meditation
144.548,4,meditation
144.648,2,meditation
144.748,2,meditation
144.848,5,meditation
144.948,3,meditation
145.048,5,meditation
145.148,5,meditation
145.248,9,meditation
145.348,3,meditation
145.448,5,meditation
145.549,3,meditation
145.649,7,meditation
145.749,5,meditation
145.849,7,meditation
145.949,3,meditation
146.049,5,meditation
146.149,7,meditation
146.249,7,meditation
146.349,4,meditation
146.449,0,meditation
146.549,3,meditation
146.649,7,meditation
146.749,1,meditation
146.849,6,meditation
146.949,5,meditation
147.049,3,meditation
147.149,4,meditation
147.249,9,meditation
147.349,4,meditation
147.449,7,meditation
147.549,5,meditation
147.649,7,meditation
147.749,3,meditation
147.849,7,meditation
147.949,3,meditation
148.049,6,meditation
148.149,3,meditation
148.249,9,meditation
148.349,4,meditation
148.449,3,meditation
148.550,5,meditation
148.650,5,meditation
148.750,3,meditation
148.850,4,meditation
148.950,6,meditation
149.050,1,meditation
149.150,6,meditation
149.250,1,meditation
149.350,4,meditation
149.450,1,meditation
149.550,9,meditation
149.650,5,meditation
149.750,4,meditation
149.850,4,meditation
149.950,5,meditation
150.050,4,meditation
150.150,4,meditation
150.250,6,meditation
150.350,5,meditation
150.450,5,meditation
150.550,5,meditation
150.650,7,meditation
150.750,3,meditation
150.850,2,meditation
150.950,3,meditation
151.050,1,meditation
151.150,6,meditation
151.250,4,meditation
151.350,5,meditation
151.450,7,meditation
151.551,9,meditation
151.651,3,meditation
151.751,6,meditation
151.851,3,meditation
151.951,8,meditation
152.051,5,meditation
152.151,6,meditation
152.251,1,meditation
152.351,3,meditation
152.451,4,meditation
152.551,3,meditation
152.651,8,meditation
152.751,4,meditation
152.851,2,meditation
152.951,3,meditation
153.051,5,meditation
153.151,9,meditation
153.251,6,meditation
153.351,5,meditation
153.451,5,meditation
153.551,7,meditation
153.651,2,meditation
153.751,4,meditation
153.851,2,meditation
153.951,4,meditation
154.051,7,meditation
154.151,2,meditation
154.251,5,meditation
154.351,5,meditation
154.451,4,meditation
154.552,6,meditation
154.652,6,meditation
154.752,6,meditation
154.852,1,meditation
154.952,6,meditation
155.052,9,meditation
155.152,4,meditation
155.252,4,meditation
155.352,4,meditation
155.452,3,meditation
155.552,4,meditation
155.652,6,meditation
155.752,5,meditation
155.852,5,meditation
155.952,2,meditation
156.052,5,meditation
156.152,6,meditation
156.252,4,meditation
156.352,5,meditation
156.452,5,meditation
156.552,4,meditation
156.652,6,meditation
156.752,3,meditation
156.852,2,meditation
156.952,7,meditation
157.052,6,meditation
157.152,5,meditation
157.252,5,meditation
157.352,5,meditation
157.452,2,meditation
157.553,1,meditation
157.653,6,meditation
157.753,6,meditation
157.853,9,meditation
157.953,2,meditation
158.053,1,meditation
158.153,4,meditation
158.253,4,meditation
158.353,5,meditation
158.453,3,meditation
158.553,1,meditation
158.653,1,meditation
158.753,3,meditation
158.853,4,meditation
158.953,6,meditation
159.053,3,meditation
159.153,1,meditation
159.253,5,meditation
159.353,5,meditation
159.453,4,meditation
159.553,2,meditation
159.653,6,meditation
159.753,3,meditation
159.853,5,meditation
159.953,8,meditation
160.053,5,meditation
160.153,5,meditation
160.253,2,meditation
160.353,2,meditation
160.453,6,meditation
160.554,2,meditation
160.654,2,meditation
160.754,1,meditation
160.854,5,meditation
160.954,5,meditation
161.054,4,meditation
161.154,3,meditation
161.254,4,meditation
161.354,1,meditation
161.454,1,meditation
161.554,0,meditation
161.654,5,meditation
161.754,9,meditation
161.854,4,meditation
161.954,5,meditation
162.054,3,meditation
162.154,4,meditation
162.254,6,meditation
162.354,5,meditation
162.454,4,meditation
162.554,5,meditation
162.654,8,meditation
162.754,5,meditation
162.854,6,meditation
162.954,7,meditation
163.054,2,meditation
163.154,3,meditation
163.254,5,meditation
163.354,8,meditation
163.454,6,meditation
163.555,4,meditation
163.655,7,meditation
163.755,2,meditation
163.855,3,meditation
163.955,2,meditation
164.055,1,meditation
164.155,2,meditation
164.255,1,meditation
164.355,4,meditation
164.455,4,meditation
164.555,4,meditation
164.655,2,meditation
164.755,4,meditation
164.855,2,meditation
164.955,6,meditation
165.055,4,meditation
165.155,2,meditation
165.255,7,meditation
165.355,7,meditation
165.455,3,meditation
165.555,4,meditation
165.655,4,meditation
165.755,4,meditation
165.855,4,meditation
165.955,3,meditation
166.055,5,meditation
166.155,3,meditation
166.255,2,meditation
166.355,4,meditation
166.455,5,meditation
166.556,1,meditation
166.656,8,meditation
166.756,6,meditation
166.856,6,meditation
166.956,9,meditation
167.056,4,meditation
167.156,2,meditation
167.256,4,meditation
167.356,4,meditation
167.456,2,meditation
167.556,6,meditation
167.656,7,meditation
167.756,3,meditation
167.856,5,meditation
167.956,5,meditation
168.056,7,meditation
168.156,5,meditation
168.256,3,meditation
168.356,2,meditation
168.456,6,meditation
168.556,7,meditation
168.656,7,meditation
168.756,3,meditation
168.856,3,meditation
168.956,2,meditation
169.056,3,meditation
169.156,1,meditation
169.256,4,meditation
169.356,7,meditation
169.456,5,meditation
169.557,6,meditation
169.657,10,meditation
169.757,7,meditation
169.857,3,meditation
169.957,2,meditation
170.057,10,meditation
170.157,7,meditation
170.257,5,meditation
170.357,4,meditation
170.457,1,meditation
170.557,4,meditation
170.657,7,meditation
170.757,2,meditation
170.857,8,meditation
170.957,5,meditation
171.057,4,meditation
171.157,3,meditation
171.257,5,meditation
171.357,3,meditation
171.457,4,meditation
171.557,7,meditation
171.657,3,meditation
171.757,4,meditation
171.857,2,meditation
171.957,4,meditation
172.057,5,meditation
172.157,4,meditation
172.257,9,meditation
172.357,49,meditation
172.457,4,meditation
172.558,4,meditation
172.658,6,meditation
172.758,4,meditation
172.858,9,meditation
172.958,6,meditation
173.058,4,meditation
173.158,8,meditation
173.258,11,meditation
173.358,3,meditation
173.458,5,meditation
173.558,4,meditation
173.658,1,meditation
173.758,7,meditation
173.858,5,meditation
173.958,5,meditation
174.058,7,meditation
174.158,6,meditation
174.258,5,meditation
174.358,3,meditation
174.458,58,meditation
174.558,2,meditation
174.658,6,meditation
174.758,4,meditation
174.858,5,meditation
174.958,9,meditation
175.058,3,meditation
175.158,5,meditation
175.258,3,meditation
175.358,5,meditation
175.458,3,meditation
175.559,5,meditation
175.659,3,meditation
175.759,5,meditation
175.859,6,meditation
175.959,6,meditation
176.059,2,meditation
176.159,3,meditation
176.259,6,meditation
176.359,6,meditation
176.459,7,meditation
176.559,4,meditation
176.659,4,meditation
176.759,7,meditation
176.859,3,meditation
176.959,4,meditation
177.059,7,meditation
177.159,4,meditation
177.259,7,meditation
177.359,3,meditation
177.459,1,meditation
177.559,9,meditation
177.659,10,meditation
177.759,3,meditation
177.859,6,meditation
177.959,3,meditation
178.059,5,meditation
178.159,6,meditation
178.259,1,meditation
178.359,10,meditation
178.459,2,meditation
178.560,5,meditation
178.660,8,meditation
178.760,2,meditation
178.860,3,meditation
178.960,5,meditation
179.060,8,meditation
179.160,5,meditation
179.260,5,meditation
179.360,4,meditation
179.460,5,meditation
179.560,4,meditation
179.660,10,meditation
179.760,5,meditation
179.860,7,meditation
179.960,5,meditation
180.060,5,meditation
180.160,2,meditation
180.260,0,meditation
180.360,3,meditation
180.460,8,meditation
180.560,7,meditation
180.660,4,meditation
180.760,6,meditation
180.860,9,meditation
180.960,2,meditation
181.060,7,meditation
181.160,5,meditation
181.260,9,meditation
181.360,3,meditation
181.460,2,meditation
181.561,6,meditation
181.661,8,meditation
181.761,3,meditation
181.861,8,meditation
181.961,3,meditation
182.061,2,meditation
182.161,1,meditation
182.261,1,meditation
182.361,3,meditation
182.461,8,meditation
182.561,5,meditation
182.661,4,meditation
182.761,7,meditation
182.861,3,meditation
182.961,4,meditation
183.061,5,meditation
183.161,7,meditation
183.261,4,meditation
183.361,9,meditation
183.461,6,meditation
183.561,4,meditation
183.661,5,meditation
183.761,1,meditation
183.861,8,meditation
183.961,5,meditation
184.061,3,meditation
184.161,6,meditation
184.261,3,meditation
184.361,3,meditation
184.461,3,meditation
184.562,8,meditation
184.662,4,meditation
184.762,4,meditation
184.862,4,meditation
184.962,4,meditation
185.062,4,meditation
185.162,3,meditation
185.262,5,meditation
185.362,7,meditation
185.462,5,meditation
185.562,10,meditation
185.662,3,meditation
185.762,10,meditation
185.862,1,meditation
185.962,9,meditation
186.062,7,meditation
186.162,6,meditation
186.262,4,meditation
186.362,6,meditation
186.462,3,meditation
186.562,4,meditation
186.662,4,meditation
186.762,4,meditation
186.862,5,meditation
186.962,3,meditation
187.062,7,meditation
187.162,4,meditation
187.262,4,meditation
187.362,4,meditation
187.462,2,meditation
187.563,5,meditation
187.663,4,meditation
187.763,8,meditation
187.863,3,meditation
187.963,4,meditation
188.063,3,meditation
188.163,5,meditation
188.263,7,meditation
188.363,5,meditation
188.463,7,meditation
188.563,1,meditation
188.663,8,meditation
188.763,8,meditation
188.863,4,meditation
188.963,6,meditation
189.063,3,meditation
189.163,11,meditation
189.263,11,meditation
189.363,7,meditation
189.463,5,meditation
189.563,6,meditation
189.663,6,meditation
189.763,6,meditation
189.863,5,meditation
189.963,2,meditation
190.063,7,meditation
190.163,4,meditation
190.263,5,meditation
190.363,4,meditation
190.463,3,meditation
190.564,5,meditation
190.664,4,meditation
190.764,2,meditation
190.864,7,meditation
190.964,7,meditation
191.064,5,meditation
191.164,6,meditation
191.264,4,meditation
191.364,4,meditation
191.464,6,meditation
191.564,5,meditation
191.664,2,meditation
191.764,6,meditation
191.864,4,meditation
191.964,2,meditation
192.064,3,meditation
192.164,3,meditation
192.264,2,meditation
192.364,3,meditation
192.464,5,meditation
192.564,4,meditation
192.664,5,meditation
192.764,2,meditation
192.864,1,meditation
192.964,6,meditation
193.064,3,meditation
193.164,2,meditation
193.264,5,meditation
193.364,1,meditation
193.464,1,meditation
193.565,3,meditation
193.665,7,meditation
193.765,5,meditation
193.865,3,meditation
193.965,6,meditation
194.065,7,meditation
194.165,4,meditation
194.265,3,meditation
194.365,3,meditation
194.465,9,meditation
194.565,4,meditation
194.665,4,meditation
194.765,3,meditation
194.865,4,meditation
194.965,5,meditation
195.065,3,meditation
195.165,2,meditation
195.265,7,meditation
195.365,3,meditation
195.465,4,meditation
195.565,5,meditation
195.665,4,meditation
195.765,4,meditation
195.865,5,meditation
195.965,4,meditation
196.065,6,meditation
196.165,2,meditation
196.265,5,meditation
196.365,6,meditation
196.465,1,meditation
196.566,4,meditation
196.666,10,meditation
196.766,3,meditation
196.866,4,meditation
196.966,5,meditation
197.066,7,meditation
197.166,3,meditation
197.266,6,meditation
197.366,4,meditation
197.466,3,meditation
197.566,3,meditation
197.666,3,meditation
197.766,3,meditation
197.866,4,meditation
197.966,3,meditation
198.066,7,meditation
198.166,5,meditation
198.266,1,meditation
198.366,6,meditation
198.466,4,meditation
198.566,5,meditation
198.666,4,meditation
198.766,6,meditation
198.866,2,meditation
198.966,3,meditation
199.066,4,meditation
199.166,7,meditation
199.266,5,meditation
199.366,7,meditation
199.466,4,meditation
199.567,3,meditation
199.667,5,meditation
199.767,3,meditation
199.867,6,meditation
199.967,3,meditation
200.067,5,meditation
200.167,8,meditation
200.267,3,meditation
200.367,5,meditation
200.467,3,meditation
200.567,5,meditation
200.667,6,meditation
200.767,2,meditation
200.867,9,meditation
200.967,2,meditation
201.067,6,meditation
201.167,4,meditation
201.267,4,meditation
201.367,6,meditation
201.467,7,meditation
201.567,4,meditation
201.667,2,meditation
201.767,3,meditation
201.867,8,meditation
201.967,5,meditation
202.067,4,meditation
202.167,1,meditation
202.267,10,meditation
202.367,3,meditation
202.467,6,meditation
202.568,2,meditation
202.668,10,meditation
202.768,3,meditation
202.868,4,meditation
202.968,2,meditation
203.068,3,meditation
203.168,5,meditation
203.268,4,meditation
203.368,2,meditation
203.468,5,meditation
203.568,3,meditation
203.668,6,meditation
203.768,5,meditation
203.868,2,meditation
203.968,4,meditation
204.068,7,meditation
204.168,7,meditation
204.268,9,meditation
204.368,6,meditation
204.468,1,meditation
204.568,7,meditation
204.668,5,meditation
204.768,4,meditation
204.868,4,meditation
204.968,6,meditation
205.068,3,meditation
205.168,4,meditation
205.268,2,meditation
205.368,5,meditation
205.468,2,meditation
205.569,6,meditation
205.669,6,meditation
205.769,4,meditation
205.869,2,meditation
205.969,5,meditation
206.069,7,meditation
206.169,5,meditation
206.269,8,meditation
206.369,4,meditation
206.469,5,meditation
206.569,3,meditation
206.669,6,meditation
206.769,5,meditation
206.869,2,meditation
206.969,8,meditation
207.069,2,meditation
207.169,11,meditation
207.269,3,meditation
207.369,5,meditation
207.469,7,meditation
207.569,5,meditation
207.669,2,meditation
207.769,7,meditation
207.869,4,meditation
207.969,4,meditation
208.069,2,meditation
208.169,4,meditation
208.269,3,meditation
208.369,5,meditation
208.469,3,meditation
208.570,5,meditation
208.670,6,meditation
208.770,3,meditation
208.870,4,meditation
208.970,9,meditation
209.070,10,meditation
209.170,13,meditation
209.270,8,meditation
209.370,9,meditation
209.470,5,meditation
209.570,1,meditation
209.670,4,meditation
209.770,3,meditation
209.870,3,meditation
209.970,7,meditation
210.070,6,meditation
210.170,6,meditation
210.270,5,meditation
210.370,10,meditation
210.470,3,meditation
210.570,4,meditation
210.670,4,meditation
210.770,4,meditation
210.870,4,meditation
210.970,6,meditation
211.070,1,meditation
211.170,0,meditation
211.270,2,meditation
211.370,3,meditation
211.470,4,meditation
211.571,5,meditation
211.671,3,meditation
211.771,5,meditation
211.871,8,meditation
211.971,4,meditation
212.071,6,meditation
212.171,5,meditation
212.271,3,meditation
212.371,3,meditation
212.471,5,meditation
212.571,4,meditation
212.671,4,meditation
212.771,5,meditation
212.871,6,meditation
212.971,6,meditation
213.071,5,meditation
213.171,5,meditation
213.271,2,meditation
213.371,4,meditation
213.471,6,meditation
213.571,5,meditation
213.671,3,meditation
213.771,2,meditation
213.871,5,meditation
213.971,13,meditation
214.071,2,meditation
214.171,6,meditation
214.271,3,meditation
214.371,7,meditation
214.471,5,meditation
214.572,3,meditation
214.672,8,meditation
214.772,3,meditation
214.872,4,meditation
214.972,8,meditation
215.072,8,meditation
215.172,6,meditation
215.272,6,meditation
215.372,6,meditation
215.472,2,meditation
215.572,4,meditation
215.672,4,meditation
215.772,0,meditation
215.872,5,meditation
215.972,3,meditation
216.072,3,meditation
216.172,4,meditation
216.272,4,meditation
216.372,4,meditation
216.472,1,meditation
216.572,1,meditation
216.672,4,meditation
216.772,5,meditation
216.872,8,meditation
216.972,6,meditation
217.072,6,meditation
217.172,3,meditation
217.272,6,meditation
217.372,5,meditation
217.472,5,meditation
217.573,6,meditation
217.673,5,meditation
217.773,2,meditation
217.873,4,meditation
217.973,8,meditation
218.073,8,meditation
218.173,9,meditation
218.273,6,meditation
218.373,6,meditation
218.473,2,meditation
218.573,5,meditation
218.673,6,meditation
218.773,2,meditation
218.873,10,meditation
218.973,5,meditation
219.073,4,meditation
219.173,4,meditation
219.273,1,meditation
219.373,3,meditation
219.473,3,meditation
219.573,2,meditation
219.673,3,meditation
219.773,3,meditation
219.873,2,meditation
219.973,4,meditation
220.073,11,meditation
220.173,1,meditation
220.273,7,meditation
220.373,2,meditation
220.473,7,meditation
220.574,6,meditation
220.674,6,meditation
220.774,3,meditation
220.874,0,meditation
220.974,13,meditation
221.074,2,meditation
221.174,6,meditation
221.274,0,meditation
221.374,3,meditation
221.474,5,meditation
221.574,7,meditation
221.674,3,meditation
221.774,5,meditation
221.874,5,meditation
221.974,5,meditation
222.074,7,meditation
222.174,3,meditation
222.274,2,meditation
222.374,7,meditation
222.474,7,meditation
222.574,2,meditation
222.674,5,meditation
222.774,4,meditation
222.874,4,meditation
222.974,6,meditation
223.074,6,meditation
223.174,7,meditation
223.274,5,meditation
223.374,6,meditation
223.474,5,meditation
223.575,4,meditation
223.675,4,meditation
223.775,1,meditation
223.875,6,meditation
223.975,3,meditation
224.075,5,meditation
224.175,7,meditation
224.275,2,meditation
224.375,4,meditation
224.475,8,meditation
224.575,6,meditation
224.675,4,meditation
224.775,5,meditation
224.875,2,meditation
224.975,5,meditation
225.075,4,meditation
225.175,6,meditation
225.275,4,meditation
225.375,4,meditation
225.475,4,meditation
225.575,2,meditation
225.675,3,meditation
225.775,5,meditation
225.875,7,meditation
225.975,12,meditation
226.075,3,meditation
226.175,2,meditation
226.275,6,meditation
226.375,4,meditation
226.475,5,meditation
226.576,6,meditation
226.676,5,meditation
226.776,5,meditation
226.876,3,meditation
226.976,3,meditation
227.076,7,meditation
227.176,5,meditation
227.276,8,meditation
227.376,4,meditation
227.476,5,meditation
227.576,2,meditation
227.676,7,meditation
227.776,2,meditation
227.876,5,meditation
227.976,4,meditation
228.076,8,meditation
228.176,5,meditation
228.276,6,meditation
228.376,9,meditation
228.476,3,meditation
228.576,5,meditation
228.676,5,meditation
228.776,6,meditation
228.876,4,meditation
228.976,1,meditation
229.076,7,meditation
229.176,4,meditation
229.276,7,meditation
229.376,2,meditation
229.476,5,meditation
229.577,9,meditation
229.677,5,meditation
229.777,7,meditation
229.877,10,meditation
229.977,7,meditation
230.077,9,meditation
230.177,5,meditation
230.277,5,meditation
230.377,2,meditation
230.477,8,meditation
230.577,8,meditation
230.677,5,meditation
230.777,4,meditation
230.877,10,meditation
230.977,2,meditation
231.077,7,meditation
231.177,5,meditation
231.277,4,meditation
231.377,9,meditation
231.477,8,meditation
231.577,5,meditation
231.677,7,meditation
231.777,4,meditation
231.877,9,meditation
231.977,6,meditation
232.077,4,meditation
232.177,6,meditation
232.277,1,meditation
232.377,2,meditation
232.477,7,meditation
232.578,4,meditation
232.678,5,meditation
232.778,3,meditation
232.878,6,meditation
232.978,3,meditation
233.078,5,meditation
233.178,6,meditation
233.278,7,meditation
233.378,5,meditation
233.478,6,meditation
233.578,7,meditation
233.678,3,meditation
233.778,3,meditation
233.878,5,meditation
233.978,6,meditation
234.078,8,meditation
234.178,4,meditation
234.278,3,meditation
234.378,3,meditation
234.478,4,meditation
234.578,6,meditation
234.678,0,meditation
234.778,7,meditation
234.878,3,meditation
234.978,7,meditation
235.078,10,meditation
235.178,3,meditation
235.278,7,meditation
235.378,9,meditation
235.478,3,meditation
235.579,9,meditation
235.679,2,meditation
235.779,5,meditation
235.879,6,meditation
235.979,8,meditation
236.079,7,meditation
236.179,2,meditation
236.279,9,meditation
236.379,3,meditation
236.479,5,meditation
236.579,6,meditation
236.679,5,meditation
236.779,3,meditation
236.879,4,meditation
236.979,64,meditation
237.079,6,meditation
237.179,4,meditation
237.279,3,meditation
237.379,4,meditation
237.479,4,meditation
237.579,12,meditation
237.679,1,meditation
237.779,4,meditation
237.879,6,meditation
237.979,5,meditation
238.079,5,meditation
238.179,6,meditation
238.279,4,meditation
238.379,6,meditation
238.479,5,meditation
238.580,8,meditation
238.680,4,meditation
238.780,6,meditation
238.880,3,meditation
238.980,2,meditation
239.080,6,meditation
239.180,3,meditation
239.280,6,meditation
239.380,4,meditation
239.480,0,meditation
239.580,1,meditation
239.680,7,meditation
239.780,4,meditation
239.880,3,meditation
239.980,3,meditation
240.080,3,meditation
240.180,5,meditation
240.280,4,meditation
240.380,4,meditation
240.480,4,meditation
240.580,7,meditation
240.680,4,meditation
240.780,6,meditation
240.880,7,meditation
240.980,0,meditation
241.080,3,meditation
241.180,0,meditation
241.280,4,meditation
241.380,3,meditation
241.480,4,meditation
241.581,5,meditation
241.681,3,meditation
241.781,6,meditation
241.881,6,meditation
241.981,4,meditation
242.081,5,meditation
242.181,6,meditation
242.281,6,meditation
242.381,10,meditation
242.481,6,meditation
242.581,9,meditation
242.681,5,meditation
242.781,9,meditation
242.881,3,meditation
242.981,7,meditation
243.081,3,meditation
243.181,2,meditation
243.281,6,meditation
243.381,3,meditation
243.481,3,meditation
243.581,4,meditation
243.681,3,meditation
243.781,5,meditation
243.881,6,meditation
243.981,3,meditation
244.081,6,meditation
244.181,4,meditation
244.281,1,meditation
244.381,3,meditation
244.481,3,meditation
244.582,5,meditation
244.682,4,meditation
244.782,4,meditation
244.882,5,meditation
244.982,6,meditation
245.082,1,meditation
245.182,3,meditation
245.282,4,meditation
245.382,5,meditation
245.482,7,meditation
245.582,6,meditation
245.682,4,meditation
245.782,2,meditation
245.882,7,meditation
245.982,6,meditation
246.082,3,meditation
246.182,3,meditation
246.282,4,meditation
246.382,4,meditation
246.482,4,meditation
246.582,3,meditation
246.682,6,meditation
246.782,3,meditation
246.882,7,meditation
246.982,8,meditation
247.082,6,meditation
247.182,5,meditation
247.282,4,meditation
247.382,7,meditation
247.482,3,meditation
247.583,5,meditation
247.683,7,meditation
247.783,4,meditation
247.883,7,meditation
247.983,10,meditation
248.083,6,meditation
248.183,6,meditation
248.283,7,meditation
248.383,8,meditation
248.483,7,meditation
248.583,5,meditation
248.683,3,meditation
248.783,5,meditation
248.883,5,meditation
248.983,4,meditation
249.083,10,meditation
249.183,5,meditation
249.283,6,meditation
249.383,6,meditation
249.483,5,meditation
249.583,6,meditation
249.683,7,meditation
249.783,7,meditation
249.883,4,meditation
249.983,5,meditation
250.083,6,meditation
250.183,3,meditation
250.283,2,meditation
250.383,8,meditation
250.483,5,meditation
250.584,5,meditation
250.684,4,meditation
250.784,7,meditation
250.884,2,meditation
250.984,5,meditation
251.084,11,meditation
251.184,5,meditation
251.284,3,meditation
251.384,3,meditation
251.484,6,meditation
251.584,5,meditation
251.684,5,meditation
251.784,6,meditation
251.884,10,meditation
251.984,0,meditation
252.084,8,meditation
252.184,9,meditation
252.284,5,meditation
252.384,4,meditation
252.484,7,meditation
252.584,8,meditation
252.684,4,meditation
252.784,5,meditation
252.884,5,meditation
252.984,3,meditation
253.084,7,meditation
253.184,4,meditation
253.284,5,meditation
253.384,7,meditation
253.484,8,meditation
253.585,2,meditation
253.685,3,meditation
253.785,4,meditation
253.885,4,meditation
253.985,7,meditation
254.085,4,meditation
254.185,1,meditation
254.285,7,meditation
254.385,6,meditation
254.485,6,meditation
254.585,1,meditation
254.685,6,meditation
254.785,4,meditation
254.885,4,meditation
254.985,2,meditation
255.085,4,meditation
255.185,6,meditation
255.285,6,meditation
255.385,7,meditation
255.485,9,meditation
255.585,5,meditation
255.685,8,meditation
255.785,3,meditation
255.885,1,meditation
255.985,5,meditation
256.085,6,meditation
256.185,6,meditation
256.285,0,meditation
256.385,5,meditation
256.485,1,meditation
256.586,5,meditation
256.686,4,meditation
256.786,4,meditation
256.886,4,meditation
256.986,4,meditation
257.086,2,meditation
257.186,2,meditation
257.286,4,meditation
257.386,0,meditation
257.486,5,meditation
257.586,4,meditation
257.686,3,meditation
257.786,5,meditation
257.886,6,meditation
257.986,2,meditation
258.086,6,meditation
258.186,4,meditation
258.286,8,meditation
258.386,7,meditation
258.486,5,meditation
258.586,3,meditation
258.686,5,meditation
258.786,3,meditation
258.886,2,meditation
258.986,6,meditation
259.086,3,meditation
259.186,6,meditation
259.286,1,meditation
259.386,5,meditation
259.486,5,meditation
259.587,4,meditation
259.687,3,meditation
259.787,3,meditation
259.887,6,meditation
259.987,6,meditation
260.087,2,meditation
260.187,5,meditation
260.287,5,meditation
260.387,3,meditation
260.487,6,meditation
260.587,5,meditation
260.687,3,meditation
260.787,4,meditation
260.887,6,meditation
260.987,3,meditation
261.087,2,meditation
261.187,7,meditation
261.287,1,meditation
261.387,6,meditation
261.487,10,meditation
261.587,6,meditation
261.687,4,meditation
261.787,8,meditation
261.887,2,meditation
261.987,5,meditation
262.087,6,meditation
262.187,9,meditation
262.287,2,meditation
262.387,4,meditation
262.487,1,meditation
262.588,7,meditation
262.688,5,meditation
262.788,4,meditation
262.888,6,meditation
262.988,10,meditation
263.088,3,meditation
263.188,5,meditation
263.288,7,meditation
263.388,1,meditation
263.488,7,meditation
263.588,5,meditation
263.688,4,meditation
263.788,4,meditation
263.888,3,meditation
263.988,6,meditation
264.088,6,meditation
264.188,5,meditation
264.288,4,meditation
264.388,3,meditation
264.488,8,meditation
264.588,4,meditation
264.688,6,meditation
264.788,1,meditation
264.888,4,meditation
264.988,1,meditation
265.088,4,meditation
265.188,4,meditation
265.288,7,meditation
265.388,3,meditation
265.488,2,meditation
265.589,5,meditation
265.689,6,meditation
265.789,4,meditation
265.889,6,meditation
265.989,3,meditation
266.089,3,meditation
266.189,5,meditation
266.289,5,meditation
266.389,4,meditation
266.489,2,meditation
266.589,5,meditation
266.689,3,meditation
266.789,4,meditation
266.889,8,meditation
266.989,7,meditation
267.089,3,meditation
267.189,3,meditation
267.289,8,meditation
267.389,2,meditation
267.489,3,meditation
267.589,7,meditation
267.689,8,meditation
267.789,5,meditation
267.889,2,meditation
267.989,2,meditation
268.089,5,meditation
268.189,3,meditation
268.289,6,meditation
268.389,7,meditation
268.489,8,meditation
268.590,2,meditation
268.690,3,meditation
268.790,5,meditation
268.890,3,meditation
268.990,2,meditation
269.090,4,meditation
269.190,4,meditation
269.290,5,meditation
269.390,2,meditation
269.490,5,meditation
269.590,6,meditation
269.690,6,meditation
269.790,6,meditation
269.890,6,meditation
269.990,4,meditation
270.090,5,meditation
270.190,9,meditation
270.290,3,meditation
270.390,8,meditation
270.490,4,meditation
270.590,4,meditation
270.690,1,meditation
270.790,1,meditation
270.890,5,meditation
270.990,8,meditation
271.090,7,meditation
271.190,1,meditation
271.290,5,meditation
271.390,3,meditation
271.490,1,meditation
271.591,4,meditation
271.691,3,meditation
271.791,3,meditation
271.891,7,meditation
271.991,13,meditation
272.091,3,meditation
272.191,4,meditation
272.291,3,meditation
272.391,5,meditation
272.491,4,meditation
272.591,2,meditation
272.691,8,meditation
272.791,6,meditation
272.891,4,meditation
272.991,7,meditation
273.091,6,meditation
273.191,6,meditation
273.291,5,meditation
273.391,5,meditation
273.491,8,meditation
273.591,9,meditation
273.691,5,meditation
273.791,4,meditation
273.891,6,meditation
273.991,4,meditation
274.091,4,meditation
274.191,3,meditation
274.291,5,meditation
274.391,10,meditation
274.491,8,meditation
274.592,3,meditation
274.692,6,meditation
274.792,4,meditation
274.892,6,meditation
274.992,4,meditation
275.092,3,meditation
275.192,7,meditation
275.292,5,meditation
275.392,9,meditation
275.492,4,meditation
275.592,4,meditation
275.692,4,meditation
275.792,10,meditation
275.892,6,meditation
275.992,3,meditation
276.092,4,meditation
276.192,6,meditation
276.292,3,meditation
276.392,2,meditation
276.492,5,meditation
276.592,4,meditation
276.692,7,meditation
276.792,2,meditation
276.892,8,meditation
276.992,3,meditation
277.092,4,meditation
277.192,5,meditation
277.292,6,meditation
277.392,1,meditation
277.492,3,meditation
277.593,8,meditation
277.693,4,meditation
277.793,8,meditation
277.893,0,meditation
277.993,4,meditation
278.093,3,meditation
278.193,3,meditation
278.293,1,meditation
278.393,6,meditation
278.493,3,meditation
278.593,4,meditation
278.693,6,meditation
278.793,3,meditation
278.893,4,meditation
278.993,2,meditation
279.093,4,meditation
279.193,3,meditation
279.293,9,meditation
279.393,7,meditation
279.493,3,meditation
279.593,5,meditation
279.693,5,meditation
279.793,7,meditation
279.893,3,meditation
279.993,3,meditation
280.093,2,meditation
280.193,7,meditation
280.293,3,meditation
280.393,7,meditation
280.493,2,meditation
280.594,7,meditation
280.694,4,meditation
280.794,4,meditation
280.894,3,meditation
280.994,4,meditation
281.094,3,meditation
281.194,3,meditation
281.294,4,meditation
281.394,4,meditation
281.494,2,meditation
281.594,5,meditation
281.694,8,meditation
281.794,3,meditation
281.894,3,meditation
281.994,6,meditation
282.094,2,meditation
282.194,6,meditation
282.294,7,meditation
282.394,7,meditation
282.494,5,meditation
282.594,2,meditation
282.694,5,meditation
282.794,1,meditation
282.894,6,meditation
282.994,5,meditation
283.094,3,meditation
283.194,3,meditation
283.294,4,meditation
283.394,5,meditation
283.494,3,meditation
283.595,3,meditation
283.695,7,meditation
283.795,2,meditation
283.895,3,meditation
283.995,5,meditation
284.095,5,meditation
284.195,8,meditation
284.295,5,meditation
284.395,7,meditation
284.495,7,meditation
284.595,4,meditation
284.695,3,meditation
284.795,8,meditation
284.895,9,meditation
284.995,4,meditation
285.095,8,meditation
285.195,2,meditation
285.295,4,meditation
285.395,6,meditation
285.495,6,meditation
285.595,4,meditation
285.695,5,meditation
285.795,5,meditation
285.895,5,meditation
285.995,3,meditation
286.095,8,meditation
286.195,5,meditation
286.295,4,meditation
286.395,1,meditation
286.495,4,meditation
286.596,3,meditation
286.696,10,meditation
286.796,6,meditation
286.896,4,meditation
286.996,6,meditation
287.096,6,meditation
287.196,3,meditation
287.296,3,meditation
287.396,5,meditation
287.496,3,meditation
287.596,3,meditation
287.696,7,meditation
287.796,2,meditation
287.896,6,meditation
287.996,1,meditation
288.096,6,meditation
288.196,4,meditation
288.296,7,meditation
288.396,1,meditation
288.496,5,meditation
288.596,4,meditation
288.696,2,meditation
288.796,5,meditation
288.896,5,meditation
288.996,8,meditation
289.096,6,meditation
289.196,5,meditation
289.296,2,meditation
289.396,2,meditation
289.496,2,meditation
289.597,3,meditation
289.697,5,meditation
289.797,3,meditation
289.897,6,meditation
289.997,2,meditation
290.097,0,meditation
290.197,3,meditation
290.297,3,meditation
290.397,5,meditation
290.497,10,meditation
290.597,6,meditation
290.697,3,meditation
290.797,7,meditation
290.897,2,meditation
290.997,4,meditation
291.097,5,meditation
291.197,3,meditation
291.297,6,meditation
291.397,4,meditation
291.497,7,meditation
291.597,4,meditation
291.697,7,meditation
291.797,4,meditation
291.897,7,meditation
291.997,7,meditation
292.097,8,meditation
292.197,2,meditation
292.297,4,meditation
292.397,3,meditation
292.497,5,meditation
292.598,5,meditation
292.698,5,meditation
292.798,9,meditation
292.898,8,meditation
292.998,7,meditation
293.098,3,meditation
293.198,5,meditation
293.298,7,meditation
293.398,1,meditation
293.498,5,meditation
293.598,5,meditation
293.698,4,meditation
293.798,5,meditation
293.898,4,meditation
293.998,7,meditation
294.098,4,meditation
294.198,4,meditation
294.298,5,meditation
294.398,5,meditation
294.498,5,meditation
294.598,7,meditation
294.698,7,meditation
294.798,5,meditation
294.898,1,meditation
294.998,5,meditation
295.098,5,meditation
295.198,5,meditation
295.298,3,meditation
295.398,10,meditation
295.498,3,meditation
295.599,4,meditation
295.699,2,meditation
295.799,4,meditation
295.899,6,meditation
295.999,2,meditation
296.099,3,meditation
296.199,5,meditation
296.299,1,meditation
296.399,5,meditation
296.499,4,meditation
296.599,4,meditation
296.699,8,meditation
296.799,6,meditation
296.899,5,meditation
296.999,3,meditation
297.099,3,meditation
297.199,5,meditation
297.299,6,meditation
297.399,3,meditation
297.499,4,meditation
297.599,2,meditation
297.699,10,meditation
297.799,3,meditation
297.899,4,meditation
297.999,4,meditation
298.099,3,meditation
298.199,10,meditation
298.299,9,meditation
298.399,5,meditation
298.499,2,meditation
298.600,6,meditation
298.700,5,meditation
298.800,10,meditation
298.900,5,meditation
299.000,5,meditation
299.100,9,meditation
299.200,7,meditation
299.300,4,meditation
299.400,55,meditation
299.500,9,meditation
299.600,3,meditation
299.700,7,meditation
299.800,8,meditation
299.900,4,meditation
300.000,4,meditation
